,RMS,P2P,Variance,Mean
LDA 1,1.1900959014892578,1.2148408889770508,0.9043042659759521,1.105699062347412
