,RMS,P2P,Variance,Mean
KNN 1,14.473349809646606,14.605005264282227,5.429884195327759,14.32360053062439
KNN 2,15.394654512405396,15.328455448150635,4.287290334701538,15.339701890945435
KNN 3,15.69016408920288,15.679873943328857,4.259907245635986,15.71755313873291
KNN 4,16.00257182121277,15.961356401443481,4.251809358596802,15.973859786987305
KNN 5,16.154901027679443,16.015113353729248,4.24579381942749,16.166825771331787
KNN 6,16.21922755241394,16.12019991874695,4.342618942260742,16.09805679321289
