,RMS,P2P,Variance,Mean
RF 40,29.460254192352295,29.75485849380493,42.00457310676575,28.375688314437866
RF 60,43.75993251800537,42.43603229522705,58.696709632873535,42.698341608047485
RF 80,58.01743769645691,56.16839027404785,78.15825080871582,57.34116268157959
RF 100,68.69722557067871,68.83935070037842,87.80347609519958,68.53254413604736
RF 120,81.22421860694885,81.82885360717773,113.07499480247498,81.2635395526886
