,RMSP2P,Variance,Mean
LDA 1,1.0780894756317139,0.9555718898773193,1.0554711818695068
