,RMS,P2P,Variance,Mean
RF 40,0.9752265861027191,0.9740181268882175,0.929607250755287,0.9725075528700906
RF 60,0.9734138972809667,0.9731117824773414,0.9335347432024169,0.9734138972809667
RF 80,0.972809667673716,0.9737160120845921,0.9362537764350454,0.9725075528700906
RF 100,0.972809667673716,0.974320241691843,0.9371601208459215,0.9734138972809667
RF 120,0.9737160120845921,0.9731117824773414,0.93595166163142,0.9737160120845921
