,RMSP2P,Variance,Mean
LDA 1,0.4561933534743202,0.4033232628398791,0.4561933534743202
