,RMSP2P,Variance,Mean
LDA 1,0.8987915407854985,0.75,0.8987915407854985
