,RMSP2P,Variance,Mean
KNN 1,6.057085752487183,5.358062028884888,5.952792406082153
KNN 2,6.2132532596588135,4.800815582275391,6.193090200424194
KNN 3,6.273859024047852,4.9001545906066895,6.26113224029541
KNN 4,5.875982046127319,5.303565502166748,6.047276020050049
KNN 5,6.006155490875244,5.62459921836853,5.9143760204315186
KNN 6,6.723215818405151,5.387474298477173,6.655577659606934
