,RMS,P2P,Variance,Mean
LDA 1,0.10961174964904785,0.10508084297180176,0.38712549209594727,0.10071969032287598
