,RMSP2P,Variance,Mean
LDA 1,0.09300041198730469,0.37122249603271484,0.0975642204284668
