,RMS,P2P,Variance,Mean
LDA 1,0.08773350715637207,0.0967719554901123,0.36598944664001465,0.10375380516052246
