,RMS,P2P,Variance,Mean
RF 40,21.310787439346313,20.868408918380737,27.92451786994934,28.599375009536743
RF 60,32.57936334609985,31.89655828475952,40.499836921691895,34.90375351905823
RF 80,42.64153075218201,54.34953022003174,50.49353742599487,42.027918100357056
RF 100,59.03535485267639,53.95393633842468,69.14524960517883,46.86256265640259
RF 120,84.62262296676636,65.03727412223816,75.92816209793091,78.19383573532104
