,RMSP2P,Variance,Mean
LDA 1,0.10640215873718262,0.42684435844421387,0.10319089889526367
