,RMS,P2P,Variance,Mean
KNN 1,6.28460168838501,6.274924278259277,5.707885503768921,6.339344501495361
KNN 2,6.671930313110352,6.638200998306274,5.202810287475586,6.6617655754089355
KNN 3,6.814955472946167,6.798319339752197,5.272075891494751,6.737179756164551
KNN 4,6.275307893753052,6.228722333908081,5.409635066986084,6.277816295623779
KNN 5,6.403701066970825,6.390961408615112,6.050345182418823,6.266869068145752
KNN 6,6.819406747817993,6.882411241531372,5.576479911804199,6.858701944351196
