,RMS,P2P,Variance,Mean
SVM rbf,101.02189588546753,101.60698008537292,124.51017022132874,99.91906213760376
SVM linear,77.80294466018677,78.23856735229492,122.57795071601868,81.151602268219
SVM sigmoid,39.502094745635986,39.86640191078186,61.403910398483276,39.72443151473999
