,RMS,P2P,Variance,Mean
KNN 1,5.709545135498047,5.803203344345093,5.050063610076904,5.741972208023071
KNN 2,6.083728075027466,6.119626045227051,4.800468683242798,6.1515960693359375
KNN 3,6.175928831100464,6.177901029586792,4.82682728767395,6.129145860671997
KNN 4,5.75590968132019,5.765950679779053,4.8558149337768555,5.7588255405426025
KNN 5,5.796952247619629,5.81773829460144,5.604567766189575,5.817645788192749
KNN 6,6.299779415130615,6.286347389221191,4.936466693878174,6.290372133255005
