,RMS,P2P,Variance,Mean
LDA 1,0.1293776035308838,0.11942696571350098,0.475322961807251,0.10450983047485352
