,RMS,P2P,Variance,Mean
LDA 1,0.5238504409790039,0.590613603591919,0.6332483291625977,0.574275016784668
