,RMSP2P,Variance,Mean
LDA 1,0.9947129909365559,0.7031722054380665,0.9947129909365559
