,RMSP2P,Variance,Mean
KNN 1,8.484700441360474,7.9612367153167725,8.483959197998047
KNN 2,10.409062623977661,9.633635520935059,10.527547121047974
KNN 3,10.390636205673218,9.724855422973633,10.378147840499878
KNN 4,7.012078523635864,9.704933166503906,7.016247510910034
KNN 5,8.99762487411499,8.55335521697998,8.922524213790894
KNN 6,6.070754766464233,9.903831720352173,5.922792911529541
