,RMSP2P,Variance,Mean
LDA 1,0.9736053943634033,0.782294511795044,0.9248993396759033
