,RMSP2P,Variance,Mean
RF 40,14.155968427658081,53.36772418022156,14.021036148071289
RF 60,26.590203523635864,83.07989597320557,20.9845929145813
RF 80,35.04336094856262,102.83988523483276,35.1737380027771
RF 100,43.6978759765625,152.1058874130249,50.592878580093384
RF 120,71.51961255073547,166.1571946144104,52.32245993614197
