,RMS,P2P,Variance,Mean
LDA 1,0.976954460144043,1.0199239253997803,0.7753846645355225,1.014918565750122
