,RMSP2P,Variance,Mean
SVM rbf,50.299484968185425,19.042758226394653,51.13307213783264
SVM linear,46.362812519073486,38.77174210548401,46.40904474258423
SVM sigmoid,27.431593656539917,17.18632674217224,27.147837162017822
