,RMSP2P,Variance,Mean
KNN 1,2.318881034851074,2.867297649383545,2.4603829383850098
KNN 2,3.5961976051330566,2.8573710918426514,3.6813156604766846
KNN 3,3.449002981185913,3.1272740364074707,3.597599506378174
KNN 4,3.0223381519317627,2.9735589027404785,2.8939526081085205
KNN 5,2.9098317623138428,2.567003011703491,3.280195951461792
KNN 6,4.097124338150024,3.071526050567627,4.005701780319214
