,RMSP2P,Variance,Mean
LDA 1,0.6570649147033691,0.5939867496490479,0.6651771068572998
