,RMS,P2P,Variance,Mean
LDA 1,0.6547083854675293,0.6549139022827148,0.5475928783416748,0.6189966201782227
