,RMS,P2P,Variance,Mean
LDA 1,0.6364121437072754,0.6626632213592529,0.8896496295928955,0.615652322769165
