,RMSP2P,Variance,Mean
LDA 1,0.9856495468277946,0.7386706948640483,0.9856495468277946
