,RMS,P2P,Variance,Mean
LDA 1,0.13061738014221191,0.13164806365966797,0.8443889617919922,0.1307384967803955
