,RMSP2P,Variance,Mean
LDA 1,0.783578634262085,0.7483129501342773,0.7939720153808594
