,RMS,P2P,Variance,Mean
LDA 1,0.8507845401763916,0.8450963497161865,0.7406716346740723,0.8545472621917725
