,RMS,P2P,Variance,Mean
KNN 1,3.531121015548706,3.649305582046509,4.882027626037598,3.528078079223633
KNN 2,5.65976095199585,5.725570201873779,5.239513635635376,5.683226108551025
KNN 3,5.826707124710083,5.7919816970825195,4.622941493988037,5.785255670547485
KNN 4,7.541799068450928,7.753218650817871,3.9913318157196045,7.723554372787476
KNN 5,5.718481540679932,5.890070915222168,5.612440824508667,5.819615602493286
KNN 6,6.318007946014404,6.315556526184082,6.183393239974976,6.450859546661377
