,RMSP2P,Variance,Mean
LDA 1,0.6261329305135952,0.5906344410876133,0.6261329305135952
