,RMS,P2P,Variance,Mean
LDA 1,0.08901095390319824,0.08134698867797852,0.33428382873535156,0.08049440383911133
