,RMS,P2P,Variance,Mean
LDA 1,0.7301511764526367,0.795464277267456,0.653254508972168,0.7556765079498291
