,RMSP2P,Variance,Mean
RF 40,0.9682779456193353,0.9453172205438066,0.9679758308157099
RF 60,0.9694864048338369,0.9489425981873112,0.9709969788519638
RF 80,0.9685800604229607,0.9486404833836858,0.9688821752265862
RF 100,0.9700906344410876,0.9477341389728097,0.970392749244713
RF 120,0.9697885196374623,0.9495468277945619,0.9697885196374623
