,RMS,P2P,Variance,Mean
LDA 1,0.8854984894259819,0.8854984894259819,0.7051359516616315,0.8854984894259819
