,RMS,P2P,Variance,Mean
LDA 1,0.8033232628398792,0.8033232628398792,0.7090634441087613,0.8033232628398792
