,RMSP2P,Variance,Mean
KNN 1,8.526216745376587,8.261881351470947,8.43694806098938
KNN 2,10.695003032684326,9.795788764953613,10.758257389068604
KNN 3,9.205010414123535,8.70764946937561,8.998073816299438
KNN 4,10.18819284439087,8.702985286712646,10.134962320327759
KNN 5,9.207898616790771,8.731219053268433,9.370628595352173
KNN 6,9.286272764205933,10.13723611831665,9.017777442932129
