,RMSP2P,Variance,Mean
RF 40,55.317628145217896,45.62915110588074,39.21486258506775
RF 60,88.59380078315735,94.30325841903687,80.6414065361023
RF 80,107.95341920852661,117.75980687141418,125.024001121521
RF 100,162.7593057155609,153.4553244113922,137.46103525161743
RF 120,151.29114031791687,121.92539262771606,174.81089782714844
