,RMSP2P,Variance,Mean
LDA 1,1.1060404777526855,1.1260795593261719,1.0801243782043457
