,RMS,P2P,Variance,Mean
LDA 1,1.2412636280059814,1.2491798400878906,1.2452025413513184,1.2444517612457275
