,RMS,P2P,Variance,Mean
LDA 1,0.4561933534743202,0.4561933534743202,0.4242195367573011,0.4561933534743202
