,RMS,P2P,Variance,Mean
LDA 1,0.6456954479217529,0.6450254917144775,0.6337206363677979,0.733938455581665
