,RMSP2P,Variance,Mean
KNN 1,1.6178226470947266,2.6030259132385254,1.6591250896453857
KNN 2,2.026911497116089,2.3890228271484375,1.9448535442352295
KNN 3,2.12837290763855,2.817276954650879,2.319286584854126
KNN 4,1.4532287120819092,2.3900060653686523,1.5217959880828857
KNN 5,1.6842710971832275,2.3012983798980713,1.6277287006378174
KNN 6,1.5046813488006592,2.9072134494781494,1.443310022354126
