,RMS,P2P,Variance,Mean
LDA 1,0.5083160400390625,0.4508790969848633,0.4444093704223633,0.46462535858154297
