,RMSP2P,Variance,Mean
SVM rbf,10.037719964981079,16.7311372756958,10.66480565071106
SVM linear,8.311308145523071,12.434792518615723,8.248997449874878
SVM sigmoid,4.854785203933716,13.276172637939453,4.802135705947876
