,RMSP2P,Variance,Mean
LDA 1,0.4582529067993164,0.46382832527160645,0.47135400772094727
