,RMS,P2P,Variance,Mean
RF 40,0.9692849949647533,0.9702920443101712,0.94662638469285,0.9697885196374623
RF 60,0.9712990936555891,0.9702920443101712,0.9451158106747231,0.9707955689828801
RF 80,0.972306143001007,0.9702920443101712,0.9476334340382678,0.9712990936555891
RF 100,0.9718026183282981,0.9702920443101712,0.9476334340382678,0.9707955689828801
RF 120,0.9692849949647533,0.972306143001007,0.9501510574018127,0.9718026183282981
