,RMSP2P,Variance,Mean
LDA 1,0.2622096538543701,0.5749900341033936,0.2436966896057129
