,RMSP2P,Variance,Mean
KNN 1,3.7705929279327393,3.7430739402770996,3.8214571475982666
KNN 2,3.595639705657959,2.429070234298706,3.490227699279785
KNN 3,3.662513494491577,3.936340808868408,3.621433734893799
KNN 4,3.294593095779419,2.4519553184509277,3.207642078399658
KNN 5,3.2363789081573486,3.050910711288452,3.313872814178467
KNN 6,3.269167423248291,3.006754159927368,3.231335163116455
