,RMS,P2P,Variance,Mean
SVM rbf,38.45931577682495,38.499579429626465,60.8538453578949,38.54308533668518
SVM linear,47.12305474281311,47.123576164245605,44.393324851989746,47.15416216850281
SVM sigmoid,15.501160144805908,15.494731187820435,24.934301614761353,15.480888843536377
