,RMS,P2P,Variance,Mean
LDA 1,0.2284257411956787,0.22681879997253418,0.5251827239990234,0.2279658317565918
