,RMS,P2P,Variance,Mean
LDA 1,0.5022658610271903,0.5022658610271903,0.5574018126888217,0.5022658610271903
