,RMS,P2P,Variance,Mean
LDA 1,0.7311178247734139,0.7311178247734139,0.5845921450151057,0.7311178247734139
