,RMSP2P,Variance,Mean
LDA 1,0.734755277633667,0.57961106300354,0.6629726886749268
