,RMSP2P,Variance,Mean
KNN 1,6.0853917598724365,4.6377928256988525,5.441191911697388
KNN 2,5.378814220428467,4.530999183654785,5.352135896682739
KNN 3,5.6327900886535645,4.057154655456543,5.6557533740997314
KNN 4,5.7030298709869385,4.542129278182983,5.57108473777771
KNN 5,5.74923038482666,4.743790149688721,5.790802478790283
KNN 6,6.047018527984619,4.630852222442627,5.7663185596466064
