,RMSP2P,Variance,Mean
SVM rbf,6.114957332611084,45.15691566467285,6.192858934402466
SVM linear,4.994491338729858,36.685632944107056,5.080012321472168
SVM sigmoid,32.029090881347656,17.460979223251343,31.747169256210327
