,RMS,P2P,Variance,Mean
LDA 1,0.6768484115600586,0.6569256782531738,0.6235995292663574,0.6599645614624023
