,RMS,P2P,Variance,Mean
LDA 1,0.9459731578826904,0.8543558120727539,0.9878084659576416,0.8471553325653076
