,RMSP2P,Variance,Mean
KNN 1,6.415716886520386,5.331377983093262,6.559852361679077
KNN 2,5.731047868728638,5.406998157501221,5.770921230316162
KNN 3,5.270898342132568,4.867594242095947,5.4364190101623535
KNN 4,2.9303712844848633,4.9648473262786865,2.89274263381958
KNN 5,3.546255350112915,4.99100136756897,3.5456690788269043
KNN 6,2.9489080905914307,5.8166491985321045,2.921454668045044
