,RMS,P2P,Variance,Mean
LDA 1,0.6389837265014648,0.6282100677490234,0.741755485534668,0.5630462169647217
