,RMSP2P,Variance,Mean
LDA 1,0.5392317771911621,0.6137006282806396,0.5351498126983643
