,RMS,P2P,Variance,Mean
LDA 1,0.5563947633434039,0.5563947633434039,0.56797583081571,0.5563947633434039
