,RMS,P2P,Variance,Mean
RF 40,0.8685800604229608,0.8766364551863042,0.7139979859013091,0.8766364551863042
RF 60,0.8746223564954683,0.877139979859013,0.716515609264854,0.8726082578046325
RF 80,0.8746223564954683,0.8826787512588117,0.7185297079556898,0.8831822759315207
RF 100,0.8831822759315207,0.8741188318227593,0.7190332326283988,0.8741188318227593
RF 120,0.8766364551863042,0.8726082578046325,0.716012084592145,0.8705941591137966
