,RMS,P2P,Variance,Mean
LDA 1,0.41426992416381836,0.4200150966644287,1.1569528579711914,0.3942444324493408
