,RMSP2P,Variance,Mean
KNN 1,0.966947078704834,0.9780447483062744,0.9447205066680908
KNN 2,0.9870433807373047,1.819350004196167,0.9928584098815918
KNN 3,0.9884049892425537,1.8515865802764893,0.989328145980835
KNN 4,1.0511465072631836,1.8544764518737793,1.0274152755737305
KNN 5,1.014078140258789,1.677765130996704,0.9997594356536865
KNN 6,1.032515287399292,1.451753854751587,1.0527417659759521
