,RMS,P2P,Variance,Mean
LDA 1,0.07350921630859375,0.06322050094604492,0.143233060836792,0.06992769241333008
