,RMSP2P,Variance,Mean
LDA 1,0.08411192893981934,0.16547060012817383,0.07375597953796387
