,RMSP2P,Variance,Mean
SVM rbf,9.896878957748413,8.031962394714355,10.188725471496582
SVM linear,12.785276412963867,11.973882675170898,12.340321779251099
SVM sigmoid,4.4586098194122314,5.209413528442383,4.341616868972778
