,RMSP2P,Variance,Mean
KNN 1,8.688882112503052,9.16883635520935,8.598841190338135
KNN 2,8.867477893829346,8.277342081069946,8.78908920288086
KNN 3,5.98766016960144,8.573912858963013,5.867114543914795
KNN 4,9.180269956588745,11.490609645843506,9.032176971435547
KNN 5,8.154911518096924,10.387068033218384,8.147580623626709
KNN 6,7.211464881896973,11.613280773162842,7.177663326263428
