,RMS,P2P,Variance,Mean
RF 40,24.306268453598022,22.04658555984497,53.55107283592224,21.3120698928833
RF 60,35.717931509017944,30.87614941596985,81.50237584114075,30.57456946372986
RF 80,34.57738208770752,40.770468950271606,101.12311911582947,41.20872950553894
RF 100,72.58245182037354,59.164952754974365,124.74298620223999,43.16245722770691
RF 120,61.12974452972412,60.86300206184387,160.00127530097961,70.52096819877625
