,RMSP2P,Variance,Mean
LDA 1,1.007110357284546,0.8964283466339111,0.9893026351928711
