,RMS,P2P,Variance,Mean
LDA 1,1.1715519428253174,1.094247817993164,0.9990673065185547,1.0895137786865234
