,RMS,P2P,Variance,Mean
LDA 1,0.49697885196374625,0.49697885196374625,0.5929003021148036,0.49697885196374625
