,RMSP2P,Variance,Mean
SVM rbf,42.363237619400024,42.13138198852539,42.11405563354492
SVM linear,52.727813720703125,50.991448402404785,53.90431547164917
SVM sigmoid,35.153863191604614,18.513296365737915,36.321091651916504
