,RMSP2P,Variance,Mean
KNN 1,3.43327260017395,3.1318447589874268,3.371147394180298
KNN 2,3.447709083557129,1.0335094928741455,3.520526885986328
KNN 3,3.18347430229187,3.2326369285583496,3.1468210220336914
KNN 4,3.500185489654541,2.9551637172698975,3.5420947074890137
KNN 5,3.1646809577941895,3.2592220306396484,3.262722969055176
KNN 6,3.5834174156188965,3.7401373386383057,3.5057485103607178
