,RMSP2P,Variance,Mean
LDA 1,0.5326118469238281,0.5726218223571777,0.5833473205566406
