,RMS,P2P,Variance,Mean
LDA 1,0.6201560497283936,0.6442749500274658,0.6166605949401855,0.5958430767059326
