,RMS,P2P,Variance,Mean
LDA 1,0.9634441087613294,0.9634441087613294,0.6042296072507553,0.9634441087613294
