,RMS,P2P,Variance,Mean
RF 40,0.9969788519637462,0.9978851963746224,0.8682779456193354,0.9972809667673715
RF 60,0.9972809667673715,0.9981873111782478,0.8719033232628399,0.9981873111782478
RF 80,0.9972809667673715,0.997583081570997,0.8779456193353474,0.9969788519637462
RF 100,0.997583081570997,0.9969788519637462,0.8722054380664652,0.9972809667673715
RF 120,0.997583081570997,0.997583081570997,0.8725075528700906,0.9963746223564954
