,RMS,P2P,Variance,Mean
LDA 1,0.9198698997497559,0.8823943138122559,0.8056323528289795,0.8662524223327637
