,RMS,P2P,Variance,Mean
LDA 1,0.11765146255493164,0.10571599006652832,0.1735374927520752,0.10332560539245605
