,RMSP2P,Variance,Mean
LDA 1,0.8967774420946626,0.7306143001007049,0.8967774420946626
