,RMSP2P,Variance,Mean
LDA 1,0.6773912906646729,0.6415784358978271,0.6715066432952881
