,RMS,P2P,Variance,Mean
LDA 1,0.6062970161437988,0.60040283203125,0.5478906631469727,0.5822169780731201
