,RMSP2P,Variance,Mean
KNN 1,3.069200038909912,3.157604694366455,3.0754587650299072
KNN 2,1.900050163269043,4.424018859863281,1.9377710819244385
KNN 3,2.0592970848083496,3.0836985111236572,2.2165393829345703
KNN 4,2.8848392963409424,2.9108240604400635,2.7770614624023438
KNN 5,2.400310754776001,3.7466342449188232,2.5849428176879883
KNN 6,3.482595205307007,2.642699956893921,3.3111467361450195
