,RMSP2P,Variance,Mean
SVM rbf,27.25930380821228,50.493316650390625,26.76262903213501
SVM linear,39.656355142593384,40.89700269699097,39.296507835388184
SVM sigmoid,29.749950647354126,28.820338249206543,30.19893479347229
