,RMS,P2P,Variance,Mean
LDA 1,0.4050865173339844,0.4128856658935547,0.7506959438323975,0.41188836097717285
