,RMS,P2P,Variance,Mean
RF 40,45.84812259674072,44.07053017616272,46.065338134765625,38.26911234855652
RF 60,57.13180136680603,51.87672185897827,78.53814744949341,52.63797402381897
RF 80,71.34775805473328,70.69040417671204,103.91051292419434,77.6207709312439
RF 100,87.40671610832214,90.19431734085083,125.31056332588196,104.79991817474365
RF 120,107.29382514953613,108.18563675880432,142.44098711013794,118.39061188697815
