,RMSP2P,Variance,Mean
KNN 1,11.95666217803955,9.485905170440674,12.447296380996704
KNN 2,13.630045652389526,8.676887273788452,12.153038740158081
KNN 3,13.22675108909607,8.267950296401978,13.12917160987854
KNN 4,9.857845067977905,8.429383277893066,9.780011892318726
KNN 5,12.334810256958008,8.548986911773682,12.13902997970581
KNN 6,10.925017595291138,8.737173080444336,10.869771242141724
