,RMS,P2P,Variance,Mean
LDA 1,0.13186430931091309,0.1316068172454834,0.24155282974243164,0.14797735214233398
