,RMSP2P,Variance,Mean
LDA 1,0.11544156074523926,0.18508172035217285,0.12370610237121582
