,RMSP2P,Variance,Mean
SVM rbf,1.0,0.9848942598187311,1.0
SVM linear,1.0,0.9682779456193353,1.0
SVM sigmoid,0.9811178247734139,0.49395770392749244,0.9811178247734139
