,RMS,P2P,Variance,Mean
KNN 1,7.962666749954224,7.873670816421509,2.238049268722534,7.7298455238342285
KNN 2,8.195431470870972,8.207184076309204,2.2566978931427,8.440993785858154
KNN 3,8.46385407447815,8.324648380279541,2.2627038955688477,8.222845315933228
KNN 4,8.411106824874878,8.364487886428833,8.265072584152222,8.452402114868164
KNN 5,8.52775263786316,8.494879722595215,2.3026156425476074,8.50264310836792
KNN 6,8.566793441772461,8.511206865310669,2.3256494998931885,8.539394855499268
