,RMSP2P,Variance,Mean
KNN 1,8.78199815750122,2.3421010971069336,8.311814308166504
KNN 2,8.43685245513916,2.336522340774536,8.480816125869751
KNN 3,8.472858428955078,2.3322739601135254,8.431782722473145
KNN 4,8.750846862792969,8.315335035324097,8.544923543930054
KNN 5,8.675842046737671,2.3790290355682373,8.648141384124756
KNN 6,8.700711727142334,2.3849477767944336,8.759909391403198
