,RMS,P2P,Variance,Mean
RF 40,17.4341721534729,17.531762838363647,23.379945039749146,17.39389967918396
RF 60,26.07218623161316,25.880603313446045,38.00440526008606,26.02368688583374
RF 80,34.60734724998474,34.47143197059631,40.8173611164093,34.46410155296326
RF 100,43.11029624938965,43.0497989654541,50.96365213394165,42.947792053222656
RF 120,51.5098922252655,51.477139949798584,70.37550568580627,51.4637565612793
