,RMSP2P,Variance,Mean
SVM rbf,15.455433368682861,84.56881761550903,15.074992418289185
SVM linear,11.46174144744873,82.86963868141174,11.48574423789978
SVM sigmoid,66.549551486969,38.969040632247925,67.00361180305481
