,RMS,P2P,Variance,Mean
LDA 1,0.8201651573181152,0.8369550704956055,0.7953972816467285,0.8358800411224365
