,RMSP2P,Variance,Mean
LDA 1,0.895266056060791,0.816969633102417,0.8586971759796143
