,RMS,P2P,Variance,Mean
LDA 1,0.7567996978759766,0.8839330673217773,0.7330713272094727,0.751976490020752
