,RMS,P2P,Variance,Mean
LDA 1,0.947129909365559,0.947129909365559,0.6064954682779456,0.947129909365559
