,RMS,P2P,Variance,Mean
RF 40,20.57721447944641,17.717997789382935,29.788198232650757,22.71923518180847
RF 60,38.921412229537964,42.58904957771301,35.80346894264221,34.499531745910645
RF 80,60.516035079956055,59.64014959335327,68.3838140964508,46.27933669090271
RF 100,76.58157706260681,57.1397066116333,74.40945625305176,70.16987347602844
RF 120,103.56036639213562,68.61580467224121,71.90694451332092,76.84838056564331
