,RMSP2P,Variance,Mean
KNN 1,5.144357919692993,1.541778564453125,5.207107782363892
KNN 2,5.717742919921875,4.1921045780181885,5.68588924407959
KNN 3,4.705296993255615,5.487056732177734,4.707950592041016
KNN 4,6.6537559032440186,4.438064336776733,6.72519063949585
KNN 5,4.757134437561035,4.379924058914185,4.809828281402588
KNN 6,5.34393572807312,4.37487268447876,5.363996505737305
