,RMSP2P,Variance,Mean
SVM rbf,94.33112239837646,150.0631160736084,90.84363007545471
SVM linear,111.02214765548706,109.51096081733704,113.20153284072876
SVM sigmoid,54.859269857406616,60.56266951560974,54.21711182594299
