,RMS,P2P,Variance,Mean
LDA 1,0.48140549659729004,0.4830639362335205,0.7951395511627197,0.5018167495727539
