,RMSP2P,Variance,Mean
LDA 1,0.49399781227111816,0.7934279441833496,0.49219465255737305
