,RMS,P2P,Variance,Mean
LDA 1,0.4448091983795166,0.43084716796875,0.6582391262054443,0.41028618812561035
