,RMS,P2P,Variance,Mean
KNN 1,4.852688550949097,4.843973875045776,1.4917795658111572,4.853994369506836
KNN 2,5.61648416519165,5.663752317428589,4.137903213500977,5.646451711654663
KNN 3,4.609528064727783,4.651082754135132,5.428601026535034,4.7361226081848145
KNN 4,6.631277322769165,7.138753652572632,4.375648021697998,6.832738161087036
KNN 5,4.913185119628906,5.263000249862671,4.275252342224121,4.716881275177002
KNN 6,5.2582173347473145,5.324175596237183,4.307567119598389,5.305121898651123
