,RMS,P2P,Variance,Mean
LDA 1,0.5755436420440674,0.48719191551208496,0.4911167621612549,0.45800065994262695
