,RMSP2P,Variance,Mean
KNN 1,2.6695523262023926,2.8694217205047607,2.6298229694366455
KNN 2,2.7944369316101074,3.1278181076049805,2.9141464233398438
KNN 3,2.9440131187438965,2.983651638031006,2.7209835052490234
KNN 4,2.7689833641052246,3.1042776107788086,2.9047913551330566
KNN 5,2.863187789916992,3.118786334991455,2.787173271179199
KNN 6,2.8478682041168213,3.0229761600494385,2.887972831726074
