,RMSP2P,Variance,Mean
LDA 1,0.4789445400238037,0.47014403343200684,0.48087430000305176
