,RMSP2P,Variance,Mean
SVM rbf,2.022552490234375,6.860459089279175,1.7267534732818604
SVM linear,1.5247766971588135,7.373265743255615,1.4241557121276855
SVM sigmoid,9.163795948028564,3.1852262020111084,9.285633087158203
