,RMS,P2P,Variance,Mean
LDA 1,1.0853102207183838,0.9912490844726562,1.019319772720337,0.9899501800537109
