,RMSP2P,Variance,Mean
LDA 1,0.3198709487915039,0.46718716621398926,0.3539566993713379
