,RMS,P2P,Variance,Mean
SVM rbf,6.601715326309204,6.597806453704834,5.33603572845459,6.587413549423218
SVM linear,8.832035064697266,8.82764482498169,8.166139602661133,8.884281635284424
SVM sigmoid,5.134874582290649,5.146609306335449,2.8419995307922363,5.146978378295898
