,RMS,P2P,Variance,Mean
LDA 1,0.3245539665222168,0.2925100326538086,0.46434545516967773,0.3304145336151123
