,RMSP2P,Variance,Mean
KNN 1,1.2091946601867676,2.315788507461548,1.2785861492156982
KNN 2,1.257836103439331,1.680673360824585,1.225097894668579
KNN 3,2.1915295124053955,1.293384075164795,2.15096378326416
KNN 4,1.2928900718688965,2.449533462524414,1.2387511730194092
KNN 5,1.4811830520629883,2.6879985332489014,1.4309337139129639
KNN 6,1.262650728225708,1.510930061340332,1.2114393711090088
