,RMS,P2P,Variance,Mean
RF 40,0.9974823766364552,0.9964753272910373,0.8972809667673716,0.9969788519637462
RF 60,0.9974823766364552,0.9969788519637462,0.904833836858006,0.9969788519637462
RF 80,0.9979859013091642,0.9974823766364552,0.9078549848942599,0.9959718026183283
RF 100,0.9979859013091642,0.9969788519637462,0.8997985901309165,0.9969788519637462
RF 120,0.9969788519637462,0.9959718026183283,0.8992950654582075,0.9959718026183283
