,RMS,P2P,Variance,Mean
LDA 1,0.918429003021148,0.918429003021148,0.8534743202416919,0.918429003021148
