,RMS,P2P,Variance,Mean
LDA 1,0.4561933534743202,0.4561933534743202,0.40986908358509566,0.4561933534743202
