,RMS,P2P,Variance,Mean
LDA 1,0.9003021148036254,0.9003021148036254,0.6593655589123867,0.9003021148036254
