,RMSP2P,Variance,Mean
LDA 1,0.4561933534743202,0.4335347432024169,0.4561933534743202
