,RMSP2P,Variance,Mean
LDA 1,1.1147093772888184,0.89801025390625,1.0449984073638916
