,RMSP2P,Variance,Mean
KNN 1,10.069041967391968,7.940786123275757,10.211788177490234
KNN 2,11.029520034790039,8.17695689201355,11.010229110717773
KNN 3,11.152865409851074,8.373114585876465,11.454907894134521
KNN 4,9.388312339782715,8.803832769393921,9.102304220199585
KNN 5,11.189398288726807,8.739086151123047,11.115197658538818
KNN 6,12.971810579299927,8.650858879089355,12.784509181976318
