,RMS,P2P,Variance,Mean
LDA 1,1.1988821029663086,1.1656527519226074,0.9345767498016357,1.1540868282318115
