,RMSP2P,Variance,Mean
RF 40,33.639450788497925,47.218873023986816,29.274009943008423
RF 60,48.33626317977905,74.72951936721802,47.59958028793335
RF 80,59.04347324371338,91.47558903694153,49.11000061035156
RF 100,80.05933022499084,130.34654259681702,82.72660517692566
RF 120,78.72007918357849,164.95272660255432,107.74452686309814
