,RMS,P2P,Variance,Mean
LDA 1,0.7541861534118652,0.7063572406768799,0.20310258865356445,0.7085223197937012
