,RMSP2P,Variance,Mean
LDA 1,0.5602052211761475,0.16738510131835938,0.555452823638916
