,RMSP2P,Variance,Mean
KNN 1,3.964167356491089,3.63073468208313,3.9692680835723877
KNN 2,2.6843068599700928,3.636718273162842,2.821591377258301
KNN 3,3.4104578495025635,3.69769287109375,3.079057216644287
KNN 4,3.838381767272949,3.2861177921295166,3.8148417472839355
KNN 5,4.688006401062012,3.7368297576904297,4.682706356048584
KNN 6,1.9471678733825684,3.820159673690796,1.9610779285430908
