,RMSP2P,Variance,Mean
LDA 1,0.5706948640483384,0.4945619335347432,0.5706948640483384
