,RMS,P2P,Variance,Mean
RF 40,0.8833836858006042,0.8773413897280967,0.7241691842900302,0.8746223564954683
RF 60,0.8833836858006042,0.8691842900302115,0.7338368580060423,0.8782477341389728
RF 80,0.8854984894259819,0.8785498489425981,0.7377643504531722,0.8833836858006042
RF 100,0.8858006042296073,0.8758308157099698,0.7380664652567975,0.8821752265861027
RF 120,0.8876132930513595,0.8876132930513595,0.7410876132930514,0.8830815709969788
