,RMSP2P,Variance,Mean
LDA 1,0.9486404833836858,0.6601208459214502,0.9486404833836858
