,RMSP2P,Variance,Mean
KNN 1,8.058488130569458,2.2709946632385254,7.976913928985596
KNN 2,8.202211856842041,2.338833808898926,8.25004267692566
KNN 3,8.405869960784912,2.399362802505493,8.416680335998535
KNN 4,8.650936841964722,8.286053895950317,8.562059879302979
KNN 5,8.621946573257446,2.3680222034454346,8.590878009796143
KNN 6,8.663963794708252,2.349994421005249,8.75729751586914
