,RMS,P2P,Variance,Mean
LDA 1,0.9333782196044922,0.9798438549041748,0.8490829467773438,1.0850005149841309
