,RMSP2P,Variance,Mean
LDA 1,0.7521705627441406,0.6568808555603027,0.7148730754852295
