,RMS,P2P,Variance,Mean
RF 40,0.9691842900302114,0.9685800604229607,0.9447129909365559,0.9679758308157099
RF 60,0.9706948640483384,0.9688821752265862,0.943202416918429,0.9685800604229607
RF 80,0.9691842900302114,0.9691842900302114,0.9447129909365559,0.9688821752265862
RF 100,0.9685800604229607,0.9688821752265862,0.9453172205438066,0.9685800604229607
RF 120,0.9691842900302114,0.9688821752265862,0.9410876132930514,0.9694864048338369
