,RMS,P2P,Variance,Mean
NN tanh,1.0,1.0,0.9326283987915408,1.0
NN relu,1.0,1.0,0.9380664652567976,1.0
NN logistic,1.0,1.0,0.3564954682779456,1.0
