,RMSP2P,Variance,Mean
RF 40,0.9969788519637462,0.8827794561933535,0.9972809667673715
RF 60,0.997583081570997,0.8870090634441088,0.9978851963746224
RF 80,0.997583081570997,0.8827794561933535,0.997583081570997
RF 100,0.997583081570997,0.8870090634441088,0.9978851963746224
RF 120,0.9984894259818731,0.8851963746223565,0.9972809667673715
