,RMS,P2P,Variance,Mean
LDA 1,0.9749244712990937,0.9749244712990937,0.588821752265861,0.9749244712990937
