,RMSP2P,Variance,Mean
KNN 1,3.729006767272949,3.918271064758301,3.6839144229888916
KNN 2,4.0538859367370605,4.56307315826416,4.254824638366699
KNN 3,4.881250619888306,3.931670904159546,5.577096462249756
KNN 4,5.185746908187866,4.398392915725708,4.68175745010376
KNN 5,3.6127026081085205,3.777301788330078,3.731640100479126
KNN 6,3.450904607772827,4.221084833145142,3.4182913303375244
