,RMSP2P,Variance,Mean
SVM rbf,66.1952691078186,71.24175262451172,65.5256118774414
SVM linear,37.700018882751465,62.78099489212036,38.44700527191162
SVM sigmoid,19.935070037841797,21.06647515296936,19.537658214569092
