,RMSP2P,Variance,Mean
LDA 1,0.1475069522857666,0.29404306411743164,0.14322853088378906
