,RMS,P2P,Variance,Mean
LDA 1,0.14144682884216309,0.13923001289367676,0.27915048599243164,0.12626957893371582
