,RMS,P2P,Variance,Mean
LDA 1,0.7721550855991943,0.7721550855991943,0.6782477341389728,0.7721550855991943
