,RMS,P2P,Variance,Mean
LDA 1,0.5780458450317383,0.5952210426330566,0.685833215713501,0.5444092750549316
