,RMS,P2P,Variance,Mean
LDA 1,0.48470258712768555,0.49664306640625,0.5774550437927246,0.5006611347198486
