,RMS,P2P,Variance,Mean
KNN 1,6.091841697692871,6.112711668014526,5.062800645828247,6.088247776031494
KNN 2,5.581808090209961,5.6861958503723145,5.432037353515625,5.688416004180908
KNN 3,5.200287342071533,5.13798189163208,4.822334051132202,5.13416051864624
KNN 4,2.82831072807312,2.8268935680389404,4.895377159118652,2.8716156482696533
KNN 5,3.5013389587402344,3.489025831222534,4.924982070922852,3.485337734222412
KNN 6,2.8983161449432373,2.851656913757324,5.712664842605591,2.877207040786743
