,RMSP2P,Variance,Mean
KNN 1,6.436822414398193,5.281007766723633,6.43323278427124
KNN 2,5.70976185798645,5.3889007568359375,5.80392050743103
KNN 3,5.351525545120239,4.954076051712036,5.251588344573975
KNN 4,2.8699042797088623,4.926270008087158,2.89272403717041
KNN 5,3.5879600048065186,5.0361857414245605,3.525190830230713
KNN 6,2.9206042289733887,5.909024715423584,2.930060386657715
