,RMSP2P,Variance,Mean
SVM rbf,131.47778129577637,151.01847290992737,132.16980051994324
SVM linear,101.50013422966003,88.35270953178406,101.97250652313232
SVM sigmoid,56.33791494369507,45.64635610580444,56.260183572769165
