,RMS,P2P,Variance,Mean
RF 40,10.113924980163574,8.211249589920044,22.83253312110901,11.965542793273926
RF 60,12.4027738571167,17.863511562347412,42.91334342956543,18.377317190170288
RF 80,26.910876035690308,29.57083821296692,61.205793142318726,20.465328693389893
RF 100,33.942301750183105,30.02242422103882,51.87000632286072,25.351378679275513
RF 120,30.66519331932068,30.680885314941406,68.73072338104248,36.569170236587524
