,RMSP2P,Variance,Mean
LDA 1,0.646693229675293,0.7064492702484131,0.5806143283843994
