,RMS,P2P,Variance,Mean
LDA 1,0.6761775016784668,0.5917191505432129,0.8681442737579346,0.6136748790740967
