,RMSP2P,Variance,Mean
LDA 1,0.45770392749244715,0.4244712990936556,0.45770392749244715
