,RMSP2P,Variance,Mean
RF 40,33.0724995136261,53.15899634361267,27.164855003356934
RF 60,45.369797706604004,56.416375398635864,49.85087513923645
RF 80,65.67033410072327,107.67694139480591,66.95559239387512
RF 100,87.41689419746399,147.8578691482544,85.59170079231262
RF 120,76.32364106178284,156.07598853111267,119.8476984500885
