,RMS,P2P,Variance,Mean
LDA 1,0.7020359039306641,0.7039122581481934,1.0157968997955322,0.7242429256439209
