,RMSP2P,Variance,Mean
LDA 1,0.6961655616760254,0.9704887866973877,0.6652700901031494
