,RMSP2P,Variance,Mean
KNN 1,11.42963719367981,10.002509593963623,11.828632831573486
KNN 2,11.317909955978394,10.141565084457397,10.963748931884766
KNN 3,11.8229238986969,10.409926891326904,11.970783710479736
KNN 4,7.293492317199707,8.918697118759155,7.353685617446899
KNN 5,9.495352029800415,10.449073076248169,9.621911764144897
KNN 6,15.056892395019531,8.12360167503357,15.081289768218994
