,RMS,P2P,Variance,Mean
RF 40,0.9783484390735147,0.974320241691843,0.9546827794561934,0.9748237663645518
RF 60,0.9753272910372608,0.9793554884189325,0.9526686807653575,0.9768378650553877
RF 80,0.9768378650553877,0.9753272910372608,0.9556898288016112,0.973816717019134
RF 100,0.9768378650553877,0.9768378650553877,0.9526686807653575,0.9748237663645518
RF 120,0.9778449144008057,0.9788519637462235,0.9536757301107754,0.9783484390735147
