,RMS,P2P,Variance,Mean
LDA 1,0.9984894259818731,0.9984894259818731,0.9229607250755287,0.9984894259818731
