,RMS,P2P,Variance,Mean
NN tanh,1.0,1.0,0.9534743202416919,1.0
NN relu,1.0,1.0,0.9501510574018127,1.0
NN logistic,1.0,1.0,0.3649546827794562,1.0
