,RMSP2P,Variance,Mean
LDA 1,0.8473498821258545,0.7874681949615479,0.969090461730957
