,RMS,P2P,Variance,Mean
RF 40,14.818247318267822,18.280363082885742,25.490617752075195,14.512776136398315
RF 60,34.77989196777344,27.566102981567383,31.090381383895874,27.174574851989746
RF 80,32.277759075164795,32.80054426193237,42.83036541938782,28.26082944869995
RF 100,44.43553876876831,34.877211809158325,56.87243056297302,51.397841930389404
RF 120,35.420761823654175,49.07516932487488,68.5296311378479,54.91749405860901
