,RMSP2P,Variance,Mean
KNN 1,3.551331043243408,4.839982032775879,3.5095365047454834
KNN 2,5.30534553527832,4.937815189361572,5.446575403213501
KNN 3,5.239906311035156,4.2444586753845215,5.241984844207764
KNN 4,7.057385683059692,3.6561405658721924,7.233729600906372
KNN 5,5.358905792236328,5.028406620025635,5.341672897338867
KNN 6,5.781432628631592,5.782464027404785,5.886315822601318
