,RMSP2P,Variance,Mean
SVM rbf,82.29981803894043,132.162437915802,82.21603298187256
SVM linear,112.14499473571777,102.04947566986084,109.2009482383728
SVM sigmoid,34.22160887718201,37.66322946548462,33.87221431732178
