,RMS,P2P,Variance,Mean
LDA 1,0.9097528457641602,0.8293294906616211,0.7280733585357666,0.8163700103759766
