,RMS,P2P,Variance,Mean
KNN 1,5.3673741817474365,5.391314268112183,1.558743953704834,5.3099353313446045
KNN 2,6.254762887954712,6.3572447299957275,4.580263137817383,6.206530332565308
KNN 3,5.117364406585693,5.0557825565338135,5.964869022369385,5.072140693664551
KNN 4,7.135260105133057,7.129377841949463,4.845372676849365,7.316211223602295
KNN 5,5.1244797706604,5.18644380569458,4.7028350830078125,5.206711769104004
KNN 6,5.743988990783691,5.803960561752319,4.706173896789551,5.799029588699341
