,RMS,P2P,Variance,Mean
LDA 1,0.595304012298584,0.5846080780029297,0.8462879657745361,0.4434223175048828
