,RMSP2P,Variance,Mean
LDA 1,0.4251596927642822,0.6967113018035889,0.425152063369751
