,RMS,P2P,Variance,Mean
LDA 1,0.09922194480895996,0.09284329414367676,0.38225746154785156,0.10522747039794922
