,RMSP2P,Variance,Mean
KNN 1,4.499865770339966,3.0713770389556885,4.470872163772583
KNN 2,4.36124062538147,3.552166223526001,4.44538140296936
KNN 3,4.754417896270752,3.2259225845336914,4.776172161102295
KNN 4,4.139976501464844,3.664954423904419,4.194699048995972
KNN 5,3.173128366470337,3.301921844482422,3.178084373474121
KNN 6,4.300813913345337,3.3383960723876953,4.236679553985596
