,RMSP2P,Variance,Mean
LDA 1,0.08492350578308105,0.2878413200378418,0.08091354370117188
