,RMSP2P,Variance,Mean
RF 40,35.590105056762695,47.66649293899536,42.42965483665466
RF 60,53.684282064437866,83.20680952072144,59.43510913848877
RF 80,71.52317380905151,115.98447751998901,70.60286831855774
RF 100,89.95024156570435,145.07742595672607,89.78801560401917
RF 120,107.56866598129272,133.47318077087402,124.2821569442749
