,RMSP2P,Variance,Mean
LDA 1,0.12421107292175293,0.5024368762969971,0.13942861557006836
