,RMSP2P,Variance,Mean
KNN 1,10.876069784164429,7.895016670227051,10.877824544906616
KNN 2,8.707206010818481,9.420546531677246,8.750645160675049
KNN 3,12.586734056472778,8.2856924533844,12.432056427001953
KNN 4,10.549732446670532,9.66877818107605,10.725183725357056
KNN 5,9.96589469909668,8.57616662979126,9.871888160705566
KNN 6,11.456143140792847,8.555014610290527,11.52701449394226
