,RMS,P2P,Variance,Mean
LDA 1,0.13033413887023926,0.12210464477539062,0.5375499725341797,0.13024640083312988
