,RMS,P2P,Variance,Mean
LDA 1,0.5374784469604492,0.557452917098999,0.5103907585144043,0.6109213829040527
