,RMS,P2P,Variance,Mean
KNN 1,2.3829565048217773,4.414120435714722,3.2555253505706787,2.3645784854888916
KNN 2,5.049481391906738,5.033268690109253,3.8477389812469482,4.9071197509765625
KNN 3,2.980597972869873,2.938279867172241,3.4668350219726562,3.0726406574249268
KNN 4,4.56934380531311,4.567857027053833,3.939789295196533,4.465109348297119
KNN 5,4.133619070053101,4.2148144245147705,3.9467217922210693,4.177664518356323
KNN 6,4.610305309295654,4.556344509124756,3.953418493270874,4.572190523147583
