,RMSP2P,Variance,Mean
LDA 1,0.5448784828186035,0.4772050380706787,0.5400173664093018
