,RMS,P2P,Variance,Mean
LDA 1,0.4847836494445801,0.47319722175598145,0.47014832496643066,0.4496743679046631
