,RMSP2P,Variance,Mean
LDA 1,0.4634068012237549,0.476698637008667,0.46834874153137207
