,RMS,P2P,Variance,Mean
SVM rbf,6.323378324508667,6.555502891540527,4.873284101486206,6.319166898727417
SVM linear,9.327876329421997,9.266923666000366,8.581273317337036,9.240091562271118
SVM sigmoid,3.7021420001983643,3.70265531539917,3.7110941410064697,3.701176166534424
