,RMSP2P,Variance,Mean
KNN 1,2.625911235809326,2.4619243144989014,2.5490975379943848
KNN 2,1.6501052379608154,2.3467862606048584,1.6072804927825928
KNN 3,1.2648303508758545,2.5147769451141357,1.2950801849365234
KNN 4,1.2891111373901367,2.625887870788574,1.2102088928222656
KNN 5,1.6676499843597412,2.658062696456909,1.6630926132202148
KNN 6,2.6081910133361816,2.9300551414489746,2.6628448963165283
