,RMS,P2P,Variance,Mean
LDA 1,0.6501655578613281,0.6738309860229492,0.5993854999542236,0.7122561931610107
