,RMSP2P,Variance,Mean
LDA 1,0.4561933534743202,0.41450151057401813,0.4561933534743202
