,RMSP2P,Variance,Mean
RF 40,0.9722054380664653,0.9314199395770393,0.9737160120845921
RF 60,0.9740181268882175,0.9410876132930514,0.9740181268882175
RF 80,0.9722054380664653,0.9404833836858006,0.9761329305135952
RF 100,0.9746223564954682,0.9425981873111783,0.9749244712990937
RF 120,0.9767371601208459,0.938368580060423,0.9761329305135952
