,RMS,P2P,Variance,Mean
LDA 1,0.4954682779456193,0.4954682779456193,0.5226586102719033,0.4954682779456193
