,RMSP2P,Variance,Mean
SVM rbf,1.0,0.9614803625377644,1.0
SVM linear,1.0,0.918429003021148,1.0
SVM sigmoid,0.9894259818731118,0.5506042296072508,0.9894259818731118
