,RMS,P2P,Variance,Mean
LDA 1,1.0725741386413574,1.0826706886291504,0.7871880531311035,1.0802102088928223
