,RMSP2P,Variance,Mean
LDA 1,1.0325491428375244,0.7543196678161621,1.0191686153411865
