,RMSP2P,Variance,Mean
KNN 1,8.665067672729492,9.361541509628296,8.535465955734253
KNN 2,9.703840017318726,8.376065731048584,9.682016134262085
KNN 3,9.810767412185669,8.430989265441895,9.885143756866455
KNN 4,9.240725755691528,7.416212558746338,9.035107851028442
KNN 5,9.242851257324219,8.865684509277344,9.349389791488647
KNN 6,9.53377914428711,10.655198097229004,9.256966590881348
