,RMS,P2P,Variance,Mean
RF 40,55.412055253982544,48.073256969451904,39.91905117034912,39.197918176651
RF 60,79.1992301940918,52.26642727851868,80.6604106426239,73.47334384918213
RF 80,116.21761107444763,97.54326963424683,99.40224075317383,97.66227221488953
RF 100,141.6351284980774,100.1255235671997,135.06557154655457,123.008553981781
RF 120,168.49537324905396,168.1021375656128,172.53532767295837,168.2688488960266
