,RMSP2P,Variance,Mean
RF 40,33.16937232017517,52.68027448654175,33.317813873291016
RF 60,49.04989552497864,70.3190450668335,48.886711835861206
RF 80,63.723294734954834,91.56517219543457,63.47583198547363
RF 100,79.55946469306946,122.45323920249939,80.73467516899109
RF 120,96.71605277061462,138.89372992515564,93.76056408882141
