,RMSP2P,Variance,Mean
KNN 1,13.845661401748657,11.242460012435913,13.963739156723022
KNN 2,14.390116453170776,11.775082349777222,14.41084599494934
KNN 3,14.639466285705566,3.8972718715667725,14.744160413742065
KNN 4,14.893932819366455,3.915379047393799,14.818928241729736
KNN 5,15.761504173278809,3.8973515033721924,15.093194246292114
KNN 6,15.221752166748047,4.003976821899414,15.323052167892456
