,RMS,P2P,Variance,Mean
LDA 1,1.3727312088012695,1.377734899520874,1.1503498554229736,1.1906845569610596
