,RMSP2P,Variance,Mean
LDA 1,1.1107282638549805,1.0000710487365723,1.0118300914764404
