,RMS,P2P,Variance,Mean
LDA 1,1.0247628688812256,1.0466516017913818,0.9745478630065918,1.027331829071045
