,RMS,P2P,Variance,Mean
LDA 1,0.5709969788519638,0.5709969788519638,0.5712990936555892,0.5709969788519638
