,RMSP2P,Variance,Mean
RF 40,0.8794561933534744,0.7317220543806646,0.8676737160120845
RF 60,0.8803625377643505,0.7447129909365559,0.8818731117824773
RF 80,0.8767371601208459,0.7450151057401813,0.8833836858006042
RF 100,0.8812688821752266,0.7492447129909365,0.8827794561933535
RF 120,0.8788519637462235,0.7323262839879154,0.8845921450151057
