,RMS,P2P,Variance,Mean
LDA 1,0.9984912872314453,0.9981625080108643,1.0638728141784668,1.1935620307922363
