,RMSP2P,Variance,Mean
KNN 1,5.198800086975098,5.452983856201172,5.4123616218566895
KNN 2,5.508918762207031,3.9990482330322266,5.365055084228516
KNN 3,5.527786016464233,6.0720696449279785,5.505188465118408
KNN 4,5.591745138168335,5.828322172164917,5.457730770111084
KNN 5,5.559338808059692,6.150583982467651,5.640949249267578
KNN 6,5.711390256881714,6.3010687828063965,5.7694854736328125
