,RMS,P2P,Variance,Mean
LDA 1,0.6665868759155273,0.6498174667358398,0.6518051624298096,0.7485644817352295
