,RMSP2P,Variance,Mean
LDA 1,0.632774829864502,0.6420233249664307,0.631014347076416
