,RMSP2P,Variance,Mean
SVM rbf,7.345211029052734,31.002707481384277,7.362541913986206
SVM linear,5.743757247924805,27.905925035476685,5.794820070266724
SVM sigmoid,32.21862292289734,27.599824905395508,30.676472187042236
